﻿Designator,Footprint,Quantity,Value,LCSC Part #
"D1, D10, D11, D12, D13, D14, D15, D16, D17, D18, D19, D2, D20, D21, D22, D23, D24, D25, D26, D27, D28, D29, D3, D30, D31, D32, D33, D34, D35, D36, D37, D38, D39, D4, D40, D41, D42, D5, D6, D7, D8, D85, D86, D9",D_SOD-123,44,D,
"D43, D44, D45, D46, D47, D48, D49, D50, D51, D52, D53, D54, D55, D56, D57, D58, D59, D60, D61, D62, D63, D64, D65, D66, D67, D68, D69, D70, D71, D72, D73, D74, D75, D76, D77, D78, D79, D80, D81, D82, D83, D84, D87, D88",Untitled,44,SK6812,
"R1, R2",0805,2,806k,
"R3, R4",0805,2,2M,
"SW1, SW10, SW11, SW12, SW13, SW14, SW15, SW16, SW17, SW18, SW19, SW2, SW20, SW21, SW22, SW23, SW24, SW25, SW26, SW27, SW28, SW29, SW3, SW30, SW31, SW32, SW33, SW34, SW35, SW36, SW37, SW38, SW39, SW4, SW40, SW41, SW42, SW43, SW44, SW5, SW6, SW7, SW8, SW9",SW_MX_HS_CPG151101S11_1u,44,SW_Push,
"TP1, TP2, TP3, TP4",TestPoint_Pad_D2.0mm,4,TestPoint,
"U1, U2",modified-XIAO-nRF52840-SMD,2,XIAO-nRF52840-SMD,
